RF,Expected_Value_1,Expected_Value_2,Expected_Value_3
0.045,0.14118837290770112,0.13763330910311933,0.14205775836934625
