weight1,weight2,weight3
0.5212231779869408,0.3608089213725963,0.1179679006404629
