Asset1,Asset2,Asset3
0.038470473864362725,0.03556668338938337,0.03726545662492768
0.03556668338938337,0.03567933373626758,0.03588814799599789
0.03726545662492768,0.0358881479959979,0.03916903683463116
