Underlying,Strike,IV,TTM,RF,DivRate
99.68201482747621,97.48458419212184,0.16,132,0.045,0.04819789624995565
